{
  "NO_ERROR":                 "NO_ERROR",
  "BAD_SYNTAX":               "BAD_SYNTAX",
  "VAR_NAME_EXPECTED":        "VAR_NAME_EXPECTED",
  "NOT_IMPLEMENTED":          "NOT_IMPLEMENTED",
  "EQ_EXPECTED":              "EQ_EXPECTED",
  "COMPARISON_EXPECTED":      "COMPARISON_EXPECTED",
  "ERROR_LOAD":               "ERROR_LOAD",
  "ERROR_SAVE":               "ERROR_SAVE",
  "COMMA_OR_SEMICOLON_EXPECTED":"COMMA_OR_SEMICOLON_EXPECTED",
  "CLOSING_QUOTE_EXPECTED":   "CLOSING_QUOTE_EXPECTED",
  "OPENING_QUOTE_EXPECTED":   "OPENING_QUOTE_EXPECTED",
  "LABEL_EXPECTED":           "LABEL_EXPECTED",
  "OPENING_BRACKET_EXPECTED": "OPENING_BRACKET_EXPECTED",
  "CLOSING_BRACKET_EXPECTED": "CLOSING_BRACKET_EXPECTED",
  "INVALID_OPERATION":        "INVALID_OPERATION",
  "STACK_UNDERFLOW":          "STACK_UNDERFLOW",
  "TO_EXPECTED":              "TO_EXPECTED",
  "FOR_NEXT_VAR_NOT_MATCH":   "FOR_NEXT_VAR_NOT_MATCH"
}
